x0,x1,x2,labels
0.9985538155338644,0.767670684854221,1.4193580485341988,G
0.9985823545666243,0.8130229477195892,1.420157138181314,G
0.9999810109004821,0.7152652024767256,1.5092439243026137,G
0.9998891788364342,0.8799026061068407,1.5223308665987905,G
0.9998737816485734,0.4831187483747674,1.523831633106171,G
0.9994311645361449,0.9956845292633836,1.5505868712842736,G
0.9993234185310298,0.48541532872431187,1.5551687107405692,G
0.9992054512340024,0.5406402407122292,1.5597833505632703,G
0.9986371088428722,0.962957250664899,1.5782868500732172,G
0.997836644585049,0.6735581518951888,1.598613229981143,G
0.9976817141502634,0.532247783314744,1.6020793505706823,G
0.9975769510186825,1.0350703326141744,1.6043576077322865,G
0.9973645956714907,0.5118717414392345,1.6088287297883639,G
0.9973293272850187,0.42681207851540065,1.6095535444827207,G
0.9966833367436203,0.878663371910195,1.6220665149810012,G
0.9952151096743572,0.5629820186595207,1.6465622472558277,G
0.9946723239296037,0.8748785884688351,1.6546307796626636,G
0.9919810411992791,0.5819801399203042,1.6895801447348502,G
0.9917303420578195,0.3893646739125738,1.6925086736857091,G
0.9916857936308092,0.3933960664497376,1.693024338101111,G
0.9913602635646753,0.9546156168956705,1.6967507626572234,G
0.9909350036678383,0.6350027162297962,1.7015132542491886,G
0.98995269769417,0.9880764580905332,1.7120983892868564,G
0.988850149425227,0.4559196018610857,1.7233710130228168,G
0.988323874822143,0.8548345273069748,1.7285515620756642,G
0.9864881031218252,0.5878658444158635,1.7457493650001599,G
0.9838931119790812,0.4546925339179929,1.7681366712150124,G
0.9831767709210892,0.7081004176649989,1.7739849147720634,G
0.982949545453818,1.1046030225984609,1.7758132157045756,G
0.9829274891483338,0.37865541651603113,1.7759900177945613,G
0.9823142725033223,0.8944048177230796,1.7808594089248293,G
0.9813070428297331,0.8538453181371719,1.7886729937294443,G
0.9812333413294794,1.0757721705701364,1.7892361356964535,G
0.9795590752513468,0.5523751610926997,1.8017350505139138,G
0.9783572241184263,1.0002710869584872,1.810384551056261,G
0.978300084602729,0.6833501729851632,1.8107895188856273,G
0.9777417040324188,0.40799790801653407,1.8147183033134704,G
0.9766001299738238,0.8965235032851886,1.8225948214153451,G
0.9765687763999059,0.41098214920495774,1.8228083117916558,G
0.9762686287009781,0.5434402350003072,1.8248446095938824,G
0.9744099053186517,0.8863394147823627,1.8371676243918103,G
0.973701932289801,0.5209327114585467,1.8417385416864667,G
0.9727305599054177,0.4831013027935946,1.8479070710817878,G
0.9725374187752375,0.7471949153220636,1.849119865425181,G
0.971734774720614,0.628774313853182,1.854112887504853,G
0.9680225032769215,0.9497270633910335,1.8762950631968693,G
0.9642183843755326,0.9338204856934225,1.8976638546216318,G
0.9634290976492355,0.6568498307143684,1.9019450721880475,G
0.9632216377833895,0.4879954961448965,1.9030622435037055,G
0.9626197540698255,0.4214447843883455,1.9062846544206842,G
0.9586446824105601,0.4142543367313492,1.9269084667623748,G
0.9559081059631094,0.528346462606118,1.9404989320606205,G
0.9546899417941304,0.5400756988514674,1.946403414899035,G
0.9512699801191935,0.5794315577183178,1.9625388698034636,G
0.9502873517941737,0.3855940382838131,1.9670614363175758,G
0.9441766656908505,0.41796969635491715,1.9941593406190385,G
0.9425625476464269,1.1794172990760496,2.0010445573919786,G
0.9412757509651811,1.1742729269799863,2.006458203064283,G
0.9367169065399746,1.0761974859178682,2.025131634216513,G
0.9326382009960987,0.5027958624688513,2.041219427400949,G
0.9272005846772619,1.1212809551197571,2.061847773415383,G
0.9246332515334373,1.1497909743324408,2.0712880515616288,G
0.9239596178296329,0.4232806120398002,2.0737350480799193,G
0.9211073493258726,1.0425528432878297,2.0839630251909758,G
0.9192846107855349,0.39341148272247733,2.0903901759336763,G
0.9111243323828526,0.44647541635242066,2.118197391303763,G
0.9082547182623548,1.0523478984044135,2.12762654118264,G
0.9075186988048023,0.4153164722208056,2.1300175199700297,G
0.8867769389590076,0.34235304524054866,2.1932964634221124,G
0.8829755958753766,1.1116809739350886,2.2041283394731233,G
0.8801867571318325,1.1249407055987666,2.2119412639269718,G
0.8775826928785373,1.2005347617335422,2.2191379482478473,G
0.8747651937987113,0.2806864056157526,2.2268205936585606,G
0.8739420076154579,1.1756397637261609,2.2290453185374632,G
0.8631504683991295,0.27847005735186453,2.257420197136515,G
0.860345558429686,0.3161896523250429,2.2645668186647927,G
0.8517634179166609,0.2986401299038885,2.285889896723827,G
0.8513931606717514,0.42090121985687395,2.286792090334589,G
0.8512432582129336,1.2327900889355343,2.2871569472035516,G
0.8367788398422777,0.3755380943562832,2.321311536314008,G
0.8321379794141825,0.412055722571838,2.3318529691219974,G
0.8286039005661643,0.7509364021056267,2.339752967202088,G
0.8164020679614514,0.35926525486430716,2.366225861258828,G
0.8138217196366425,1.0972447355105435,2.371671939124594,G
0.8096639854332959,0.662750557202932,2.3803405699259867,G
0.8088982162973752,0.786767084355382,2.3819230523461674,G
0.8040062868163874,0.330274802924717,2.391931193651944,G
0.8014090599598268,0.2900088504180783,2.3971749644758207,G
0.7965197363008972,0.6893760858204345,2.406918792829372,G
0.7936509615204835,0.7268069926200162,2.4125600475446136,G
0.7887432811239803,0.3166889138370561,2.4220840970779185,G
0.7809107091195852,1.2114388043444626,2.4369640040365903,G
0.7721468202017202,1.221580168903142,2.4531662489397315,G
0.7566520754075042,0.2939742936287178,2.4807266095902634,G
0.755933058820893,0.3309179290668169,2.481973382433963,G
0.7559044979247338,0.7314417145008163,2.4820228498047285,G
0.7524291793776758,1.132905630745212,2.488009738083251,G
0.7416224587852482,0.39404321550290294,2.5062262615371242,G
0.7382989280170114,0.7416304570538722,2.5117104620394595,G
0.7297000464159091,0.6868504426906071,2.5256510835008146,G
0.7284736650232063,1.122576524514347,2.527610708671931,G
0.7203940499671473,0.7291957278223862,2.540347503835543,G
0.7091109296950429,0.675087959139338,2.557645404245119,G
0.7006344563212059,0.3628407423882585,2.5702805972663656,G
0.6996021383940808,0.6755564043872777,2.5717989120620834,G
0.6994703562245516,1.0806851121941343,2.5719924191508876,G
0.6892996933815831,0.7323617055326672,2.586714474268253,G
0.6792096586105276,0.36475828649918113,2.600916454238415,G
0.6702202947162198,0.3598111691339171,2.6132433257103465,G
0.6638928396010555,0.9952526536620837,2.6217415787223484,G
0.6613597701452247,0.7589368616023975,2.6251032496954556,G
0.6610268280446423,1.0927409007711604,2.6255434013674406,G
0.6488160970472739,0.6030408253323611,2.6414178737332663,G
0.6426683555509916,0.5767669914672189,2.6492167401061097,G
0.6392633689483735,0.6344153156123367,2.653481805891079,G
0.6338835766865882,0.33354195712225543,2.6601427176066705,G
0.6328732394801619,0.9851701570864411,2.6613831371202368,G
0.6303246435578203,0.7592097790419665,2.6644974874933567,G
0.6302574095201441,0.9423098956395659,2.664579363944834,G
0.6297094262150376,0.5323465252298311,2.6652461485479533,G
0.6270200038487693,1.1638158817045396,2.6685047318005823,G
0.6240072924631537,0.986767956904554,2.672127775732582,G
0.6230616165268225,0.9743340101354427,2.673259135709035,G
0.6221916809503415,0.3582677406054104,2.674297407964194,G
0.6205310089340031,1.171048956257443,2.6762728640245568,G
0.6193894380732061,0.671118550235182,2.6776258442338783,G
0.6125408972691715,0.5082909740081274,2.6856583448188296,G
0.6123895226360704,0.7177366051607837,2.6858342688894274,G
0.5929922148294011,0.43378116944392475,2.7078122886406533,G
0.5884106505996745,0.6705833157096381,2.7128433695605354,G
0.5866966460598007,0.7389376564362887,2.7147101927537722,G
0.5840983041003623,0.7737928540684922,2.717524387879328,G
0.5797366611478679,0.5967833985686124,2.722205857608498,G
0.575878445770452,1.1038806095609233,2.7263029949071598,G
0.5698013593859201,0.6095496079161922,2.732673689341346,G
0.5691963415619792,0.6054015035423869,2.7333024489933653,G
0.5670671072887682,1.0073597933891993,2.735507391973065,G
0.5647095980380058,0.5178347142025381,2.7379345326948616,G
0.5636376808048298,0.9658619356016471,2.739033200018524,G
0.5592411211485427,0.5757583245674692,2.7435075709207295,G
0.5562898572564037,0.9159300636624489,2.746482486080616,G
0.5335366706531324,0.37799733246610756,2.768665400097218,G
0.5333264525567184,0.9738154531740953,2.7688642613602727,G
0.527814573943738,1.045105748046226,2.774039440107067,G
0.5263316523517947,0.6148573345444324,2.775419041491233,G
0.524889864584513,0.4333274083637485,2.776755230115395,G
0.5172556117688811,0.4917642568287274,2.7837464399991925,G
0.5153960792603017,1.0698671808344926,2.785428132311175,G
0.5130282315968476,0.5064227571054419,2.7875576008728213,G
0.512803348102323,1.1023887710923412,2.7877591521297207,G
0.5122625613048434,0.46809606697803097,2.7882433402281395,G
0.5100369987522788,0.3983742494379091,2.7902286947605366,G
0.5062777247385072,0.6911681520490887,2.793555737966324,G
0.5028566292236712,0.6284216852812131,2.796554751448263,G
0.4939117012733392,0.7427653651669053,2.804268097642072,G
0.48983667730515035,0.9523599887297443,2.8077213260190272,G
0.4831678273335819,0.4615186342169228,2.8132916332319065,G
0.48284397458840866,0.777842532998601,2.8135595976042556,G
0.47378126487513783,1.0963012128054663,2.820963835375503,G
0.47314287134034727,0.6204640123779529,2.821478566767005,G
0.4652039436523693,0.9832649577691689,2.827805296089429,G
0.45096777382443126,0.5876136758434173,2.838810349036275,G
0.4488170826487242,0.7833648900822066,2.84043547372712,G
0.4449167854874042,0.5959309358405509,2.8433578717084287,G
0.4393719781472232,0.5074012589917476,2.847457827111016,G
0.42758148658282646,0.5637318285119115,2.855965214430719,G
0.418910889472276,0.9651434242759962,2.862041023623547,G
0.3920160443267867,0.9485943846982628,2.8799375700474106,G
0.1863288549604789,0.7217101527822263,2.9737311508787867,O
0.12893068898013824,0.6923362116296848,2.9874804113795888,O
0.11733801006113813,0.9846144052509853,2.9896380535682177,O
0.11492052878359067,0.7076097562776587,2.9900620329852794,O
0.11021381154875713,0.9871533270847381,2.9908618515555907,O
0.10142484442398741,0.8928192511903121,2.992264806292949,O
0.09399765958517772,0.5866223049776411,2.9933586273843082,O
0.0930615735253872,1.0376664587129736,2.9934905332640054,O
0.08200330602554715,0.4953225973072463,2.9949480860725504,O
0.07394856013340091,1.0599061934913268,2.995893085591996,O
0.06698831006538128,0.49909421476556864,2.996630640541552,O
0.06627372730910665,0.5696061072324732,2.996702219683079,O
0.04833342700561413,0.532195934484583,2.998246885405159,O
0.03979584459599399,0.6910091874824897,2.9988117474166014,O
0.0390248442889473,0.41788550854793793,2.9988573609381586,O
0.0333497076607607,0.8352018936875252,2.999165615683477,O
0.03065099684034081,0.7796609228340265,2.9992952217237137,O
0.019151130106463108,1.0029648298866465,2.999724900435144,O
0.01865413795711541,0.6272171822441994,2.9997389946448756,O
0.01109024859806759,0.40846098977905343,2.9999077519529576,O
0.009561110903675374,0.7771162470605171,2.999931437301768,O
0.0024900453086433385,0.8519614459741207,2.9999953497485623,O
-0.00441390554866793,0.6507774738569596,2.9999853880071856,O
-0.007409476547073219,0.5696272843789763,2.999958824177824,O
-0.0076993221654982425,1.0424266333536925,2.999955539669737,O
-0.012171356403555298,0.5418240884637177,2.999888889447288,O
-0.01670800653342006,0.707474236125893,2.9997906172745505,O
-0.020533286311881026,0.9720454770828213,2.9996837547779123,O
-0.021079375105048963,0.7538491146951636,2.9996667079310178,O
-0.02580616827113521,1.0350073362309986,2.9995004480753296,O
-0.04743841184173479,0.8175403783454075,2.998311247182758,O
-0.06437819221435363,0.5883266901503101,2.996888358838503,O
-0.06598689155517964,1.0409243857652353,2.9967307349090855,O
-0.06703091906473739,1.057708718355845,2.9966263480745647,O
-0.0703538778799721,0.35631498738581646,2.996283143894,O
-0.07941393247743635,0.8519178458289443,2.995262589476864,O
-0.08523914003472888,1.0216767809474743,2.9945407824023453,O
-0.0881413663348321,0.8745623414545383,2.9941619637664507,O
-0.0881709097794265,0.7877450755005903,2.994158041843132,O
-0.09201764460719278,0.6455197985583007,2.9936360649208114,O
-0.09265066618423437,0.5185009249857948,2.9935480145027613,O
-0.09506179895918496,1.1845477607137187,2.993207059436818,O
-0.11222845503900954,0.8654041850172596,2.9905236466520764,O
-0.11457447101023639,1.1346766319833677,2.990121992936696,O
-0.11893816656958701,0.5433531624784326,2.989352494609452,O
-0.11939077056644584,0.31402398500506545,2.9892710125370026,O
-0.1205173442293534,0.513161431295391,2.989066832588377,O
-0.12557488733560196,0.8128514210675373,2.988126215164213,O
-0.12696309390854438,0.4179645946725546,2.9878611624632967,O
-0.12702869615397122,0.8119051664125172,2.9878485636297802,O
-0.1353526294435426,1.2039649646935655,2.986196234630918,O
-0.13856419547590237,1.1240541549674354,2.98553018091093,O
-0.1400487034093358,0.42764275304077065,2.985216924060276,O
-0.15752427064311814,0.4556025693376491,2.981272673870782,O
-0.1595082441446795,1.207450250822528,2.980794894680635,O
-0.15991790242317006,1.0086907470375432,2.9806954768250935,O
-0.16650016351649521,1.0805759978796687,2.9790621403393454,O
-0.1783960709534306,0.5500828628906986,2.975938140371693,O
-0.18385196457277433,1.0419614383405917,2.974430915311445,O
-0.18520860186357513,1.1857704113004717,2.97404884282727,O
-0.1932595959340085,0.48505734317328114,2.971721488361063,O
-0.19481838741634366,1.0000284778387696,2.9712589985553577,O
-0.19716046998862766,0.46420432363290137,2.9705568453535527,O
-0.2268413085349477,0.5180129283673318,2.960897599652297,O
-0.22686496012736854,1.083678172892258,2.960889336055068,O
-0.23918351876056923,0.3176187930786293,2.9564615682519584,O
-0.24083058958236975,1.1061391286560158,2.9558507516305266,O
-0.2411726567362991,0.356224957754076,2.9557233379650816,O
-0.24973814680114476,1.2077615960405652,2.9524701134869322,O
-0.25106310967557216,0.478225984309507,2.951956080141569,O
-0.2603297425002964,1.1750808299937576,2.948279654152433,O
-0.2870877686263563,0.38793125233205816,2.936856422711248,O
-0.30819334610818944,1.1535916997395863,2.9269856124652884,O
-0.3126434838012087,1.2396969142382743,2.9248058173247493,O
-0.3204463030142372,1.196997052828836,2.920900023045303,O
-0.3221514191082369,1.1129930866892583,2.9200322327766846,O
-0.3236973308462355,0.28603158099549986,2.9192410244587776,O
-0.3711237836507159,1.1134070883784302,2.892875105212146,O
-0.37490059083382565,1.2135354604375146,2.8905975265090214,O
-0.3773175263656488,0.3550807137807494,2.889125926498006,O
-0.38431945668211276,1.1040531006390983,2.8848002560784796,O
-0.4075824028662204,0.424926605238866,2.869752647730986,O
-0.45094056887910666,0.27425666980322566,2.838830966744018,O
-0.46686976714456824,0.24684908764400237,2.8264891240354544,O
-0.4670113931791466,0.2796573932163818,2.8263769475311165,O
-0.47861564794106404,1.1707067075702324,2.817036783267043,O
-0.501154642470225,0.339118606515844,2.798036615332448,O
-0.5099261327962913,0.376449992010447,2.790327289084321,O
-0.5129682185938732,0.31769722482225404,2.787611399104331,O
-0.5339224211442216,0.31806725986233997,2.7683002043872964,O
-0.5439718881742129,1.0833788525895995,2.7586551616592243,O
-0.5560344533042944,0.2647920480082624,2.746738864061692,O
-0.570460003726348,0.4215067483630704,2.7319880739415474,O
-0.5901143016408785,1.2283039057807073,2.7109795620684607,O
-0.6135584424048948,1.0923245229177894,2.684473969720643,O
-0.6191688129817877,1.190932627073386,2.677886861001144,O
-0.6244360439767667,0.42192684532955116,2.6716139128189598,O
-0.6249823380450811,1.1370606315168248,2.670958335529635,O
-0.6335705756811378,0.48528692060555684,2.660527351108069,O
-0.6415223692756441,0.35035104160291647,2.650656491689709,O
-0.6444206932128564,0.5314069908258234,2.6470067274684523,O
-0.6474899295230591,1.0709289487598848,2.6431110095366956,O
-0.6566986447115105,1.1171260974448833,2.631229641839643,O
-0.6604554104596427,1.1978337571958986,2.626297902105751,O
-0.6736123609365544,0.5839434210629648,2.6086272462759212,O
-0.6744048654096358,1.0763420739728036,2.607542628706261,O
-0.6773541561263203,0.5372095747937167,2.6034856279768217,O
-0.6829987764884989,0.7261156045653023,2.5956292760141224,O
-0.6834076071789017,0.7064403786521003,2.5950555216574718,O
-0.6846351211236391,1.1113560842281072,2.5933289484775592,O
-0.6848811906081892,0.45962317402655456,2.5929821353480556,O
-0.6884588106805427,0.960922775323331,2.5879131622017213,O
-0.6893642117664338,0.9678564668299975,2.5866223874719303,O
-0.6960712722670528,0.32160972448974684,2.5769590353537986,O
-0.6968960828208621,1.1159194388590155,2.575758180045641,O
-0.6972661104721289,0.4754139326509221,2.5752185522817697,O
-0.7004495431531587,0.5584606478595717,2.5705528872350003,O
-0.7006808842321108,0.8650535982866345,2.5702122086583303,O
-0.7054548583504723,0.7341374454647107,2.5631322807472543,O
-0.705461670509866,0.3948710197770168,2.563122109987002,O
-0.7112043702187535,0.9373111494104984,2.554477962552527,O
-0.7142410944549366,1.0140394320788213,2.5498496238660007,O
-0.7206678015953779,0.5185439902558792,2.5399208236319204,O
-0.7233015988184699,0.6700897030539608,2.5357983846193,O
-0.7281023276672289,0.8664476315166338,2.5282026799238158,O
-0.7387168339423961,0.542779639807708,2.511023856450863,O
-0.7404239673661578,1.022254083335894,2.5082101885207058,O
-0.740582127927388,0.733426389657678,2.507948784183859,O
-0.7474028331129886,0.5468496412797967,2.496556702537806,O
-0.7527689817859471,0.5329796227108315,2.4874271796629532,O
-0.7532179359015171,0.9812619022111118,2.4866565599698713,O
-0.7540020410305844,1.1281714990454623,2.4853081115944664,O
-0.7573709055634577,1.0790822333622305,2.479477386499287,O
-0.7608875448071056,0.6939344351089745,2.4733256517498052,O
-0.7625945341754305,0.9899760690512686,2.4703151792087743,O
-0.7636870065880049,0.6959781261605712,2.4683800136978604,O
-0.7666347861928711,0.5058187356094286,2.4631251140676245,O
-0.7676432119429619,0.6516049785099147,2.4613161670882575,O
-0.768089010773755,0.993783426530973,2.4605146333811567,O
-0.7681700343486183,0.4746856963116243,2.460368833438433,O
-0.771448048320212,0.6444852191084026,2.4544384708673506,O
-0.7722681728762979,0.5695386122509003,2.4529450170997196,O
-0.7753740889818902,0.5177883127413158,2.4472532923167294,O
-0.7762932275393031,0.5775870835784425,2.4455579601337916,O
-0.7833964266977852,1.0424296790145715,2.432283533552732,O
-0.7844748672207779,0.628649209375628,2.4302409156087585,O
-0.7868226216944698,0.37046819860799973,2.425768796448197,O
-0.7955834398937959,0.5402046112072787,2.408766046832296,O
-0.7982832404428258,0.4186957061614045,2.4034233243962815,O
-0.8048799197361971,0.9929534171908029,2.390156563932586,O
-0.8073640878646045,1.0080892539926032,2.3850803729943113,O
-0.8081052199211656,0.9942896814519986,2.3835572394906688,O
-0.8084516607820651,1.0291367309152304,2.382843872042006,O
-0.8090362978523449,0.9023308189497361,2.381638023626526,O
-0.8177341442246869,0.7588887002195908,2.363394148741186,O
-0.8255617533506308,0.473502721746099,2.346467678449935,O
-0.826388173734106,0.8862068002768737,2.344651300361824,O
-0.8277993245048214,0.43119249734587517,2.341536467591312,O
-0.8286188279549712,0.8124513219913003,2.3397198255410503,O
-0.8296216745888887,0.5526733798748684,2.3374889392509837,O
-0.8318308324756237,0.565926244656934,2.3325438720100875,O
-0.834641664672419,1.053598081620898,2.3261899939383914,O
-0.8438702044123603,0.7450431342269198,2.304821051996245,O
-0.8478663887004718,0.8853460003036306,2.295314919105662,O
-0.8528264485793278,0.7771181493582231,2.283291682170847,O
-0.8558409639344676,0.7317514778160188,2.27585858892995,O
-0.8580180970697737,0.8312670037736901,2.2704291832976735,O
-0.861534905240454,0.5918641133964696,2.2615475138609042,O
-0.8634280545590369,0.9586617704920595,2.256707993780225,O
-0.872175250104431,0.8885254928900433,2.233790330739555,O
-0.9894934897208113,0.9815130082390795,1.716866147773907,L
-0.9896831438194871,0.40664438064609865,1.714910140265756,L
-0.9908115695092437,0.9534679829289199,1.7028742859135075,L
-0.990981125324179,0.3622509419892502,1.7010022905721556,L
-0.9910474404758532,0.8070340580458544,1.7002652843956865,L
-0.9910509474326845,1.0365837191088927,1.7002262322567927,L
-0.9916888072293266,0.7628560367470542,1.6929894987717458,L
-0.9929568722337924,0.5897206942410228,1.6777145526913575,L
-0.9938804762393807,0.7608522130325887,1.6656912720631638,L
-0.9947374169231935,0.6518939412880677,1.6536857527202464,L
-0.9964532580627121,0.9388370646555136,1.626222165709765,L
-0.9965505370205501,0.8732981198911708,1.6244821718926836,L
-0.9967451693760562,1.243373211226016,1.6209251896106363,L
-0.9974534966257964,0.7590670386177549,1.6069797861990196,L
-0.9979781269727388,0.27977776559978135,1.5953374569042198,L
-0.9981161231129438,0.789141019877313,1.5920296732552606,L
-0.9984147920459777,0.7146554795156874,1.5844261914545528,L
-0.9988685015629959,1.2148116687819523,1.5713362622858416,L
-0.9992193069491433,0.8161629359092029,1.559259998271735,L
-0.9994193650302573,0.6381546579246251,1.5511086959886862,L
-0.9996230333644405,1.0147256242809066,1.541182886328768,L
-0.999672309592662,0.40426779343840896,1.5383974637933866,L
-0.9996913225986594,0.5496923023070968,1.5372670621611308,L
-0.9998446932769108,1.0689319996477693,1.5264353169737017,L
-0.9998628915364679,1.1197371076770362,1.5248383934414118,L
-0.9999620407167346,0.7028354918867019,1.5130695651286916,L
-0.9999663684497446,1.1342883511601707,1.5123020092349384,L
-0.9999691008610757,0.44907506055802243,1.511791691013438,L
-0.9999834724497115,0.7765674650770671,1.5086239991702415,L
-0.9999957287464538,0.5244215982115832,1.5043841304622005,L
-0.9999996263718062,0.45861593617093666,1.5012966597696016,L
-0.9999999972776121,1.001390078345377,1.4998893169142278,L
-0.9999657918157715,0.5581233824443439,1.487592977952847,L
-0.9999294115868842,0.6510290492608128,1.4821776362989683,L
-0.9998326377859205,0.99347060809608,1.4725579348333802,L
-0.9997825778880216,0.4718814501210997,1.4687223220001955,L
-0.9997128750766352,1.0400663077782786,1.4640573141860815,L
-0.9994494712882936,0.8463477250268041,1.450233572878012,L
-0.9989074530392967,0.7508689761462469,1.4299016719833733,L
-0.9987321686762829,0.6980054009092291,1.4244908991238145,L
-0.9986270342101109,1.0512126270026105,1.4214245284734766,L
-0.9986171423023976,1.0404270862106928,1.4211421723952915,L
-0.9981490104220136,1.0042304327972853,1.4087764052698069,L
-0.997828271624376,0.5972530403864149,1.4011963270875105,L
-0.9977407317144917,1.187337303887055,1.399226875482008,L
-0.9974031873373952,0.7827463129577841,1.3919699844917566,L
-0.9973382036974291,1.0963055186642405,1.3906284234704134,L
-0.9973000704613835,1.1563683056187328,1.3898488253359538,L
-0.997181175023562,0.5918584729783857,1.3874529680448489,L
-0.9971494949908966,0.7789690389634547,1.3868231894836676,L
-0.9968048755110683,0.8562809044181423,1.3801872696493893,L
-0.9966062185525881,1.1152623844374117,1.3765248949374822,L
-0.996531043418521,0.2606423897036157,1.3751671962896521,L
-0.9963910543590814,0.26562338309593475,1.3726777698722803,L
-0.9959964127899326,0.922604631022047,1.3659101873870763,L
-0.9948433670529775,1.2433250488239143,1.347865129509823,L
-0.994499669624521,1.2412855409307255,1.3428904330964624,L
-0.9929026374729222,0.8456056521680992,1.3216049520769753,L
-0.9925386173474048,0.5238143619189913,1.3171039655522034,L
-0.9921926775116533,0.7588974814793377,1.312928345125252,L
-0.9920075477800773,1.2222376706197684,1.3107321829217797,L
-0.9914524939477026,1.0871501572931421,1.3042976940580893,L
-0.9907248066437601,0.7658711361893398,1.2961745737731933,L
-0.989536716372401,0.6662751103175498,1.2835780841975921,L
-0.9889458650554526,0.9726968353503556,1.2775844632745363,L
-0.9886296967265434,0.6505414969805701,1.2744440730365056,L
-0.9885434248615529,0.7915161993325425,1.2735949015222257,L
-0.9882705969335716,1.2318859570080192,1.2709306627191999,L
-0.9869152118495307,1.0258051873635479,1.2581398743178385,L
-0.9865220576344494,1.0937602313241719,1.2545575076488245,L
-0.9851732555157923,1.0995001608339348,1.242656402086753,L
-0.9849383599204413,0.7808157559572877,1.2406412501885271,L
-0.9823938727707566,1.2045178222894808,1.2197677263936795,L
-0.981620486557171,0.9313732766512157,1.213734833003837,L
-0.981519420299155,0.5565581444769041,1.2129561670317157,L
-0.9807099339222068,0.5204298028443415,1.2067969007851787,L
-0.9640946184392972,0.3553058384617231,1.1016615445794014,L
-0.9607755160294614,0.4308584874811226,1.084009113626002,L
-0.945850395692746,0.44038776639674004,1.0130956817015064,L
-0.9433682095858853,0.4055899295767883,1.0023787106934405,L
-0.9277153509893319,0.32683883138248515,0.940067404090308,L
-0.9235266467592387,0.33807190201014875,0.9246986019201051,L
-0.8938305588676007,0.3896306756404893,0.8273926873148987,L
-0.8909780964999823,0.40611700971533066,0.8189305681475246,L
-0.890289886327197,0.3830045606448662,0.8169086326245294,L
-0.8715546408312461,0.38734021988997447,0.7645524198813252,L
-0.8407256586372152,0.32449916644624055,0.687808011892941,L
-0.8179341977049728,0.4241481855901479,0.6370323247620305,L
-0.8093258988308709,0.40702354766084387,0.6189602299932163,L
-0.7950055815052525,0.3513050563895012,0.5900968281762808,L
-0.7681707301628622,0.2726683008260429,0.5396324188247636,L
-0.7527312514231335,0.41132280352300504,0.512508105327103,L
-0.7526107019701659,0.3964143947379589,0.5123013894006218,L
-0.7162728597353122,0.4429357410719149,0.45326952924124486,L
-0.698627250149084,0.4037423564874438,0.42677126294738993,L
-0.6717269778951707,0.25994148010626866,0.3888017948504431,L
-0.6585755261500688,0.3145354161453013,0.37122804703458356,L
-0.6575499173866732,0.3265496982858487,0.36988352864593954,L
-0.6551615514019701,0.3514875984757902,0.36676678546723307,L
-0.6538011678077076,0.3607973777702231,0.3650004078459433,L
-0.31571174155434756,1.1650658354327719,0.07671727455483329,I
-0.3152787831195154,0.2919337677311476,0.0765013522809288,I
-0.30980652069118875,1.1234447262905978,0.07380056815018143,I
-0.30980077808615963,1.1232395054449598,0.07379776144169414,I
-0.300655241605475,0.27516329460515176,0.0694006648211753,I
-0.27436416614897885,1.1436704380123026,0.05756120242483259,I
-0.2648822819505809,1.130213408169721,0.05357886575365978,I
-0.2539356809644849,1.1777639420895203,0.049168339417187124,I
-0.2306063021156967,1.0875091144486781,0.04042929249550259,I
-0.22053362771868462,1.1775248157555853,0.03693094221366905,I
-0.21176180781540008,0.32638190989746674,0.03401803978043588,I
-0.20794738372176857,0.42941979316791135,0.032789980061695145,I
-0.2060927241328674,1.2430634757270096,0.032201299433787856,I
-0.18975943125999933,1.121206407200635,0.027254076204,I
-0.17699534626396896,0.26096609928270537,0.023682467538903795,I
-0.17572800802040772,0.36872788053386196,0.023341863804064444,I
-0.16468956523205372,0.34046780920728154,0.02048182472019855,I
-0.1531757748105682,0.28490420468634137,0.01770156192311939,I
-0.10282380441760905,1.2324553465657075,0.00795062186218154,I
-0.09817890737972039,0.34122240554030997,0.007246828900410784,I
-0.07489872548240116,1.0745956679371484,0.0042132815563236115,I
-0.07249471476000499,0.3386843282259437,0.003946805174796841,I
-0.04462026360985386,1.077496763058006,0.001493969925505767,I
0.007714888664500343,0.2941465691075894,-4.4640294581177464e-05,I
0.013418821865501794,0.3240471605896083,-0.00013505466511448683,I
0.02254988522860725,0.6437242379374828,-0.00038142148698444567,I
0.02942050232076897,1.191021675398944,-0.0006493150042629625,I
0.04055082151662401,1.1668641101228052,-0.0012337842521150666,I
0.04670580121285264,0.3851648515807619,-0.0016369671206522551,I
0.05291991560933772,0.5010683226299394,-0.002101860707218739,I
0.060876041887129466,0.6449778211815895,-0.002781999196726226,I
0.06495857287999074,0.9783363893182087,-0.0031680576727597387,I
0.07337556650112836,0.6028307998360951,-0.00404343009516589,I
0.07487400572808435,1.1556111267116898,-0.004210496978595879,I
0.07693913855875835,1.0002963863191565,-0.004446313181926842,I
0.07745947283282702,0.6026682009814863,-0.004506747706952696,I
0.07898800754356244,0.527474808512858,-0.004686650566286532,I
0.08483429297126792,0.9671178728652279,-0.005407389568600096,I
0.08647184106666013,0.7929849059839134,-0.005618557201435226,I
0.09898230906635218,0.48110037346735685,-0.0073662101483969455,I
0.1050208215247725,0.7102076561708486,-0.008294965197848059,I
0.10818130465183635,0.8591587646056635,-0.008803228283198794,I
0.1100869874015784,0.3873665824484375,-0.009117065557828374,I
0.11262453759438014,0.2884736591765258,-0.00954357479119261,I
0.11432758174100856,0.66316055201958,-0.009835341608243842,I
0.1151642835425874,0.4931274154312623,-0.009980311357841276,I
0.11720215607448266,0.44991310466553397,-0.010337882982903335,I
0.11765721749070542,0.6064346208823037,-0.010418598015611735,I
0.11859140515099437,0.4952339254734066,-0.010585290490018107,I
0.12455081796194231,1.0533881490474963,-0.011680155031763673,I
0.1272526778882228,0.5814732081834706,-0.012194501645755584,I
0.1312755939807016,1.2423738786558276,-0.012981131102809018,I
0.1517061192594652,0.4284389828433646,-0.017361534256151112,I
0.1529845128070112,0.8952642733753338,-0.017657120503929036,I
0.16111540634157218,0.9267708603018208,-0.01959664005426287,I
0.1618564604842233,0.4513174647251545,-0.01977853212807451,I
0.1647833890990891,0.30702016358592593,-0.020505330180844772,I
0.17130261899963783,0.4942956206609951,-0.022172310914193194,I
0.17309285854694717,0.6283881742568218,-0.022641735996273338,I
0.18902816179855444,1.0953737842943567,-0.027042500068014896,I
0.19002067452200336,1.0123398045812322,-0.02732986642562879,I
0.19056543331573864,0.617937142551153,-0.027488256360355567,I
0.19303086825207894,1.0363259648262342,-0.028210973413934082,I
0.1954694277723303,1.0194304991026617,-0.028935306890174484,I
0.20639821389570623,1.0882022526752442,-0.03229788481228579,I
0.21133600134700026,0.8930775259800656,-0.03387979254667295,I
0.2130954356472479,0.4918259910273878,-0.03445291633492825,I
0.21364724811494634,1.0972295395546738,-0.03463369081684953,I
0.21810395345358172,1.1926654237900869,-0.03611168549379595,I
0.2201748034031952,0.6740246130594632,-0.036809350809225705,I
0.22153009679221067,1.147723274791896,-0.0372696979674359,I
0.2234844183689204,1.0355922429440478,-0.037938746775913246,I
0.23058074933109174,0.4842146901717755,-0.040420209243323846,I
0.23378094593113577,0.4682846048536941,-0.04156606047137923,I
0.24165845114483478,1.2396861991616124,-0.044457941443075744,I
0.24430983367289158,0.7616367572828532,-0.045454164821840726,I
0.2479407675295336,0.9171813531519717,-0.04683720955188653,I
0.25810518743921673,0.6141181077255276,-0.050824768191170266,I
0.2648863421218607,0.36361459862262036,-0.05358053872539226,I
0.2734053904058429,0.3493527579742225,-0.05715165103247444,I
0.27810374014762235,0.6792372079264901,-0.059173432761325306,I
0.2855977346848532,0.4501006243581599,-0.06247561712105887,I
0.28684598005391493,0.7519134669385941,-0.0630349296571106,I
0.29910976232322545,0.9064694733604797,-0.0686719321949203,I
0.3006817577525648,0.7384882200017728,-0.06941320387459088,I
0.3013317585078669,0.7522744420307994,-0.06972095888328406,I
0.30458314752012516,0.7981702278979734,-0.07127137319393267,I
0.30487415519921457,0.7249414274494879,-0.07141103309733571,I
0.307115364878931,0.7905114368723005,-0.07249156097962683,I
0.30861151638803325,0.33974366279690693,-0.07321774720403562,I
0.30985939983097516,1.02034166881253,-0.07382641562926401,I
0.3102335090301535,0.7310622118818673,-0.07400942071190925,I
0.3115135432566398,0.5232478611879452,-0.07463743109785903,I
0.3141723744396812,0.44023323481218246,-0.07595106542555974,I
0.31617297338166644,0.4812818141247654,-0.0769476592437855,I
0.3256217636174968,0.7633358333865838,-0.08174982782235501,I
0.3269214728863673,1.1754795191117147,-0.08242273975170289,I
0.3279409154727543,0.46270242223422603,-0.08295264690713083,I
0.3366828234226513,0.8033307223195089,-0.0875728259739047,I
0.3490672604511942,0.48443470941186895,-0.09435349134909776,I
0.35286261739322644,1.1381643806359878,-0.0964872854853066,I
0.38700589109825423,1.158477587603459,-0.11688413696671668,I
0.4392850094621793,1.2131991667517261,-0.15247837455605961,I
0.4434524358302346,1.0973842826329978,-0.15555314028351375,I
0.47284811804826976,0.3627784363506775,-0.17828407786280664,I
0.47293017611626187,0.36283994116933377,-0.17835013745434708,I
0.4889570592905936,0.4319180140139887,-0.19153821726339149,I
0.49924735579958135,0.3637057554520945,-0.2003107391049066,I
0.5162826967878609,0.29318700055259983,-0.21537266172470437,I
0.5228161431214656,0.32280280802585626,-0.22133179397230301,I
0.5552701760010514,0.42370863955500554,-0.25249496145367684,I
0.5586255653263724,1.1860847472584453,-0.2558700530215787,I
0.5971335028265351,1.1107642818274779,-0.29678719481766114,I
0.5989199133835742,0.3506111880551164,-0.2987866096969379,I
0.6098804060239476,0.3060965828199009,-0.31125980412743426,I
0.6156029306819761,0.3746162688440328,-0.31791526471006976,I
0.6180331346632263,0.27728168328829056,-0.3207719262028743,I
0.6250695979903836,1.2259466549437406,-0.32914646742074727,I
0.6294538095198062,0.2619707788444943,-0.33444314648222434,I
0.6350824453512675,0.4314490935655173,-0.34133346164007466,I
0.637972576848315,1.0718938840500936,-0.34491137561812096,I
0.6484512065876767,0.2887397259537406,-0.3581156698164569,I
0.8598734655781792,0.37965230876941314,-0.7342391677633371,A
0.8850931811501108,0.5296543334075843,-0.8018792106422067,A
0.8885333201413228,0.5629948618794027,-0.8117818567147953,A
0.8957248070227232,0.4020954612343144,-0.8330866565368205,A
0.8994743915742831,0.2792038466300219,-0.8445397857004098,A
0.9001192019810244,0.5985040558051954,-0.846534469152084,A
0.9097407441599111,0.3151766639103218,-0.8772347942967709,A
0.9124033922374849,0.5713362849465322,-0.8860618010536865,A
0.920355137611265,0.6507658842828663,-0.9133745261981571,A
0.9214053060655775,0.4113193336862205,-0.9170955572334786,A
0.9326716144225082,0.7705617828229572,-0.9589101422003435,A
0.9352958151309759,0.43749386806395485,-0.969199744775318,A
0.9373474208598999,0.7735191415447467,-0.9774059143403834,A
0.9384695203891394,0.5114378571533374,-0.9819568952043646,A
0.9464100073627784,0.34089158033949346,-1.0155485365714458,A
0.9481953523934876,0.44838922514749985,-1.0234682163552709,A
0.9544137630192383,0.3558401876039917,-1.0522698020472836,A
0.9583372546527528,0.820046119071105,-1.0715413213909586,A
0.958457136740193,0.58308952181482,-1.0721451024920599,A
0.9601862735313295,0.7690327665247629,-1.0809591663399107,A
0.9602298638353765,0.4429522163577492,-1.0811839671800247,A
0.9606639657663109,0.46405907679417313,-1.0834298666781008,A
0.9618269902062716,0.42157462525033373,-1.0895126164555413,A
0.9624038263973196,0.5242595581302282,-1.0925659947849895,A
0.9652185378779081,0.7540185348432922,-1.107833400443288,A
0.9658768312119014,0.3612057241097599,-1.111497257940016,A
0.9683811183117907,0.42102482327396146,-1.1257867963062866,A
0.968889501914103,0.6165427047100571,-1.1287594453303313,A
0.9697919251414575,0.5564605688882536,-1.1340995362896384,A
0.9747259656281702,0.6273645544359283,-1.1648941856024875,A
0.9791017558593681,0.6085716362714215,-1.194943544135712,A
0.9808681215268589,0.8353176647581438,-1.2079899173181934,A
0.9825059279999243,1.0601658253281687,-1.2206530325003206,A
0.9842758473424361,0.7642633098363029,-1.2350426887945134,A
0.9843212766439029,0.5372440770492608,-1.235422686575807,A
0.9843706202890019,1.053697455816156,-1.235836065478929,A
0.9845477242924094,0.5533704593546587,-1.2373252927498826,A
0.9851771333721909,1.129074959336462,-1.2426898063984975,A
0.9866730185075163,0.6952410657008585,-1.2559266550074561,A
0.9868254291722564,0.9952355176930652,-1.2573170014963304,A
0.9868342616362468,0.9753016385972301,-1.25739782536651,A
0.9868365385310428,0.5332395156620361,-1.257418665196275,A
0.9876206701022183,0.8001916379644822,-1.2647083151269432,A
0.9882530007724262,1.1133797807986308,-1.2707599194192607,A
0.9894926732709335,0.5010749485031538,-1.2831254706700925,A
0.9910788594617389,1.1719827836209575,-1.3000848624089656,A
0.9918135707077845,0.9473403301387808,-1.3084585106048365,A
0.9920347656600106,0.5341009486787172,-1.311053437781346,A
0.9921275148814,1.1124409311778334,-1.3121523569902225,A
0.9923418019190043,0.9037037556858997,-1.3147166133477617,A
0.9923749627406165,0.8540660417734242,-1.3151166584504983,A
0.9929334080828583,0.6776515181058437,-1.3219907137136953,A
0.9932790343493287,0.6141174782868606,-1.3263834402349637,A
0.9938719803472499,0.5729094594793438,-1.3341941043526184,A
0.9945994006949475,1.1206174006935434,-1.3443173988243522,A
0.9947080045915646,1.2124023168244173,-1.3458865106380933,A
0.994932055606987,0.8711339985834887,-1.3491757292982183,A
0.9968207150808744,0.5023584219856292,-1.3804841455382522,A
0.9973769132099314,1.0329474439618134,-1.3914255589900861,A
0.9980445964338422,1.0436230334769259,-1.406241198062688,A
0.9982217679898944,0.6242414196092366,-1.410585631467637,A
0.9983039908503526,0.6048159497757342,-1.4126754950338498,A
0.9991004860497882,0.6395975352024338,-1.4363918853924806,A
0.9991720046188364,0.8144106667339917,-1.4389718370877347,A
0.9995850759284994,1.0557856374514967,-1.456793855098079,A
0.99971069917921,1.0815819913468077,-1.4639213999733336,A
0.9999917296001969,0.8989531742091565,-1.5061005446654585,A
0.9999789997822155,1.178477427120348,-1.5097211104180266,A
0.9999708036320126,1.141682305564737,-1.511462187312227,A
0.9999589956266682,1.0597135897303518,-1.513583662868911,A
0.9999339443734363,0.9209003771400927,-1.5172406641985932,A
0.9998203388105713,1.2027388498132727,-1.528432423860927,A
0.9997414417479715,1.230101253083474,-1.5341080887224168,A
0.9984710627329865,1.2337208454515414,-1.5829153664343143,A
0.9974429786832155,0.631872079941108,-1.6072002081154588,A
0.9972862127149292,1.0765142366902494,-1.6104331125143356,A
0.9962927916727796,0.6131012566471445,-1.629040748746021,A
0.9961034335997487,0.9760865765007005,-1.632289026507415,A
0.9955271834751315,0.5926963614172549,-1.6417133044730157,A
0.9945244253720078,0.9553534761821149,-1.6567565836307199,A
0.9876802711726821,1.236775604699894,-1.7347281072998686,A
0.987677527151008,0.8181478041103583,-1.7347540847609628,A
0.9873984905127928,0.9313928512176468,-1.7373804901405783,A
0.9865479419771005,0.5527895155856417,-1.7452082908604067,A
0.9855060870635888,0.6077957138629946,-1.754460100627548,A
0.9799442512918504,0.826286055913709,-1.7989077530110642,A
0.9787527788562145,0.8059135105020572,-1.8075658388585858,A
0.9767978898914996,0.4877850963370423,-1.8212448212546093,A
0.9748481438909988,0.8524629050032074,-1.8343052000681674,A
0.9740775486824801,1.2358445724369964,-1.8393215150762532,A
0.9726994664815866,1.1491738991933793,-1.8481026181882045,A
0.9723027972977986,0.7472935746797085,-1.850587162237112,A
0.9705748786388899,0.8667105753766271,-1.8611992679242086,A
0.9699158244465784,0.6630501313966852,-1.8651608006731508,A
0.9683787519911139,1.146558993332604,-1.8742269813325847,A
0.9646809772368349,0.9036741629498817,-1.895131468443247,A
0.9643694083747868,0.9505673996482935,-1.8968390094603143,A
0.9641561424057947,1.126765705431064,-1.8980032655489754,A
0.9632904482993755,1.0729834657937034,-1.9026920690604339,A
0.961085465125652,1.0185999067434561,-1.9143768087495616,A
0.9607498785705596,0.893049555235309,-1.9161240912996669,A
0.9596768217711028,0.6167962333238187,-1.9216585051311768,A
0.9588687275290562,0.7119463136247208,-1.9257748437558513,A
0.9582662399596585,0.5075517988878238,-1.9288159046089017,A
0.9561237193102909,0.6290020206289325,-1.9394447918539663,A
0.9551737067703697,0.83486764275323,-1.9440688879698071,A
0.9547469591746964,0.784598137153679,-1.946128959920793,A
0.949358872138813,0.6530944850996272,-1.9712906711950409,A
0.9465143873169127,0.8898323551610765,-1.9839924150797208,A
0.9419912730081316,0.6154555828089932,-2.003456049270609,A
0.9417693412030032,0.7257038097909709,-2.0043893763082625,A
0.9375359931336468,0.962729275202153,-2.0218324334041915,A
0.9364938906783183,0.4041591694554825,-2.0260258393129735,A
0.9364760828298307,0.8406609464706599,-2.0260971670208043,A
0.9345387225873434,0.4059659129726485,-2.033792184249486,A
0.9337817147773388,0.9484232304564597,-2.036764702250305,A
0.9309415165589442,0.7219169268288554,-2.0477524611360494,A
0.929628765860282,0.6656253289568568,-2.052746148599382,A
0.9282546032950239,0.4130717613831278,-2.0579181219395863,A
0.9185286859097003,0.5940014495784228,-2.093031508110866,A
0.9180015769433898,0.7633411051048202,-2.0948650986915114,A
0.9176938692780802,0.5939058392939247,-2.095932391426417,A
0.9155991858567735,0.48765602314754847,-2.103138287983304,A
0.9146927820578709,0.4514494794474325,-2.106224799488831,A
0.91378978739193,0.5451058979991406,-2.10928113792483,A
0.9129489791309209,0.4523803048103273,-2.1121105810093233,A
0.9116956089573278,0.9086688741790355,-2.1162994502413874,A
0.9105520480963075,0.8486723322614945,-2.120091668499218,A
0.9103627688356306,0.6426868557731932,-2.1207166547752117,A
0.9099681842296995,0.5596839276335754,-2.122017108528241,A
0.9099231926017601,0.4677957868753248,-2.1221651814608364,A
0.9099082498968067,0.8203933139782154,-2.122214350310159,A
0.9091572780432119,0.3784721042027295,-2.1246793965766604,A
0.9079110809793921,0.8485979459936865,-2.128744228862875,A
0.9051003393890006,0.5428799862567975,-2.1377970642652024,A
0.889273373025962,0.4728591519741762,-2.186064102734441,A
0.884076965073285,0.6688540595651224,-2.201011996766333,A
0.8795745404357168,0.660228740609402,-2.2136416555869753,A
0.8771792717004586,0.3181218562160666,-2.2202445292557726,A
0.8736416503183401,0.498684235723068,-2.2298548488332157,A
0.8730394604388808,0.645458842349194,-2.2314743509941564,A
0.8646257185757296,0.46925129628633006,-2.2536247907607327,A
0.8618765055274888,0.4102117730624697,-2.2606773302421868,A
0.8599831148543275,0.6564046860830879,-2.265483732598061,A
0.8585888451881252,0.6522410079056193,-2.2689971967222466,A
0.8538119701666169,0.3784678906045306,-2.2808722809143953,A
0.8450685956781308,0.5801030194508061,-2.3019868479886885,A
0.8388278661386136,0.3093781707542289,-2.316595110642977,A
0.8372685906506359,0.34999923397398996,-2.3201877474074277,A
0.83724288634564,0.39609297704057816,-2.3202467835006417,A
0.8297984760993844,0.3311544191831406,-2.337094738002852,A
0.8094969941277927,0.29015301443472385,-2.3806860320912633,A
0.8079602592078945,0.44602351105882615,-2.3838554711979794,A
0.7786800636876883,0.25754086155817435,-2.4411317954646465,A
0.7664917659238902,0.3261793983258539,-2.4633812011527274,A
0.7661756877642213,0.3194462422633661,-2.463946748958572,A
0.5808125457251574,1.169731326015102,-2.721056006143285,T
0.5614936427239192,1.1546199342856307,-2.7412215759711893,T
0.5594200962783936,1.2367072764068237,-2.7433264256540655,T
0.528885007685043,1.2052213955772728,-2.773040242668503,T
0.47394754982417264,1.2414153920237299,-2.820829614308842,T
0.459784791035076,1.1068760900310382,-2.832045561664041,T
0.4555167320816687,1.0849954559909447,-2.8353408330032015,T
0.4111894855986946,1.2099975795402247,-2.8673248390925368,T
0.3885021249780289,1.210252108900896,-2.882171741317627,T
0.38609577554446295,1.1318143111270236,-2.883688049106488,T
0.3771157053214434,1.2179193519568252,-2.8892492309876574,T
0.36195020257813615,1.1533841731614616,-2.89829614689475,T
0.35687604882181934,1.207360165262158,-2.9012276199814875,T
0.28900956316113446,1.0695214377926112,-2.935989315037954,T
0.27759734337623326,1.2177100775263296,-2.941046272205903,T
0.2774709087995155,1.0704110493952073,-2.941101059340543,T
0.2348784766749712,0.8755703815970459,-2.9580371146470865,T
0.22820923306766583,0.6028963704138632,-2.960418169008795,T
0.22444667520115671,0.6247566478558184,-2.961729558598334,T
0.21743732854134135,0.6266501732510006,-2.964111426207996,T
0.21437578027117038,0.3394086450047793,-2.965126890707605,T
0.20573856305113483,0.5967985545261407,-2.9679104871434507,T
0.20529968802088663,0.28056562283628506,-2.9680487341099018,T
0.20292233202828963,1.216402789008916,-2.9687922542413725,T
0.20030784222291412,0.32373154124526476,-2.969599513055853,T
0.19866483258588916,1.2107333060473238,-2.9701012344939537,T
0.19058469908735653,0.7406933945465861,-2.972506133456159,T
0.1890286767707313,0.9819760302989318,-2.9729573512346477,T
0.17872701839427674,0.2556937673724631,-2.975848050788345,T
0.17779776083422263,0.2980735223012586,-2.976100572977755,T
0.1725178216403665,0.35539998735997297,-2.977509594803716,T
0.17182906346757107,1.2047557674490967,-2.977690170209127,T
0.16880084681312107,0.7769407915688684,-2.9784752675507087,T
0.1613911654697932,0.9028851465226974,-2.9803357748645,T
0.16026831172303346,1.1593822228141726,-2.9806102301346087,T
0.15361837815595503,0.8432171307413775,-2.98219537722213,T
0.1477603988358394,0.5138866242166977,-2.983534780585112,T
0.147664591722817,0.35163840001727203,-2.9835562438918526,T
0.14503299192376032,0.5896826973106187,-2.984140229331681,T
0.14480810810857755,0.6799332521220414,-2.984189636336453,T
0.135534037503314,0.9842427565216072,-2.9861590360811365,T
0.1317605823602419,1.010129593367149,-2.9869223534220612,T
0.1284737207092524,0.8376063746037076,-2.9875693704651294,T
0.10382084650714536,0.5251878887500951,-2.9918940215775094,T
0.0974566597287465,0.8458393815831036,-2.9928596547625164,T
0.09590744235827015,0.7145035999516482,-2.9930853845730536,T
0.09579979167277411,0.6869936385053572,-2.9931009342337744,T
0.09428543041533076,0.41220905332220414,-2.9933178093177757,T
0.09320874173441364,0.8756591707711674,-2.993469883708623,T
0.09269817643467428,0.5853578243759926,-2.993541381479868,T
0.09189197199772454,0.6897006356539803,-2.9936534729766913,T
0.08111545806133795,0.9662238322138739,-2.9950570676542325,T
0.08043492592358287,1.148787965827113,-2.995139793148538,T
0.07973390797473061,1.1276204885937606,-2.995224275424233,T
0.07904253116562893,1.0631170466144646,-2.995306866867331,T
0.06994880055410799,0.6639822723906497,-2.9963258742424204,T
0.06614546174677007,0.3988926759481782,-2.996714986312755,T
0.06167140250462991,0.8492710368376063,-2.9971447611218167,T
0.05488867512343638,0.89784448982664,-2.9977387205458053,T
0.04989059446529664,1.0615214021113737,-2.9981320333381074,T
0.04819265862512791,0.2935689601494736,-2.998257088160421,T
0.03657698144495445,1.101665898113387,-2.9989962574882716,T
0.02947588268369,0.4731103436220191,-2.999348237656962,T
0.024552798516609874,0.6815181346014827,-2.999547801902712,T
0.022903023709384945,0.3765020748934504,-2.9996065370243548,T
0.017954499658407966,0.445821170767644,-2.999758207468636,T
0.013757683215024522,0.9974773552139928,-2.99985803789667,T
0.012050945184178027,0.775903584662414,-2.999891077085392,T
0.009006430752054796,0.3505356732380454,-2.999939161920074,T
0.006386684364889256,0.7476632983935859,-2.999969407385148,T
-0.002362436365023274,0.4570187086470612,-2.9999958141649756,T
-0.0029002333469054474,0.924436122531217,-2.9999936914716345,T
-0.015398835546315225,0.30136700952828366,-2.99982214635389,T
-0.01813083541348014,1.1844272141918308,-2.9997534343405325,T
-0.024362921334406488,1.014541601809086,-2.9995547699714473,T
-0.027911206088626565,0.28036094467517725,-2.999415609593626,T
-0.028471509709625083,0.9409934026360169,-2.9993919065919434,T
-0.03525536486827929,0.47514251560129,-2.9990675045867716,T
-0.04801559726038284,1.0606297159000473,-2.9982698790419535,T
-0.051023600546142786,0.7539556396577882,-2.9980461716587516,T
-0.05483574524574254,0.40624837689311133,-2.9977430828908957,T
-0.06236011676616325,0.26268471019552986,-2.9970805708555064,T
-0.06556182062455118,0.4079190591276731,-2.9967727640733868,T
-0.06707850392934121,0.8931222024301626,-2.9966215510939476,T
-0.06758485922612617,1.109203849858091,-2.9965702941417804,T
-0.06856756521088359,0.722283527268825,-2.9964697124407045,T
-0.07759323363826724,0.9876777519876383,-2.9954776503547302,T
-0.08152790711006368,0.6533749722193996,-2.9950065888868416,T
-0.08254795298659524,0.5939557089936823,-2.9948806406465622,T
-0.08641398083945685,0.9749458961666477,-2.9943889733967612,T
-0.08802006344759135,1.0608424925031348,-2.9941780529672606,T
-0.09066400546948501,0.4392330550514471,-2.9938223072884256,T
-0.09777744923040296,1.04204470628164,-2.99281245756106,T
-0.10150091087070524,0.8320305371825507,-2.9922531693576455,T
-0.10284532835276873,0.2678169930815004,-2.9920460403355604,T
-0.10441400563878493,0.30605345194334826,-2.9918008780361887,T
-0.10508860127457241,0.36248838122877775,-2.9916942944969813,T
-0.12669353572709036,1.1800845221003111,-2.9879128613635877,T
-0.14102058789101887,1.226733110349286,-2.9850099952624767,T
-0.14828130833171577,1.0726502419255501,-2.983417834124536,T
-0.14909275717655066,1.159214359935506,-2.9832348219194293,T
-0.15508792111409708,1.2344757075626513,-2.981851007230532,T
-0.16625374287649025,1.1223895355754876,-2.9791245076747277,T
-0.18274409182420723,1.1434277021649235,-2.9747407714688463,T
-0.18385911368667615,1.1516469265715066,-2.974428909512862,T
-0.19789125789494336,1.2151700920187711,-2.9703359692973925,T
-0.23392730292689626,1.0771846143397417,-2.9583811360981853,T
-0.2532250292606605,1.1670378647169797,-2.951111105412284,T
-0.307444247510308,1.2395112164252802,-2.927349143697451,T
-0.30763725857977475,1.1400523527047608,-2.927255570509508,T
-0.32721295841642783,1.2059377613287805,-2.9174259344494264,T
-0.3747302223090723,1.1467916919820764,-2.8907008434952624,T
-0.3749093429424184,1.100421570842103,-2.8905922174716028,T
-0.38449637296417005,1.1839392724795283,-2.8846897533921254,T
-0.38541089585414284,1.1752043400739016,-2.884117586425749,T
-0.4199936023462316,1.208473208045013,-2.861290597731994,T
-0.42228626034326133,1.2062483474758263,-2.8596937917163308,T
-0.4543716560370762,1.2320825443510415,-2.836218318961307,T
-0.4727528458629909,1.2042164022367507,-2.8217926010305083,T
-0.5068710487192547,1.0927360157424197,-2.7930328359840852,T
-0.5258102771949553,1.2085052294250798,-2.775902814830099,T
-0.5358167892254201,1.0907442146102078,-2.766501412894736,T
-0.5373706666937207,1.1986232186579318,-2.7650192586670683,T
-0.728159666681976,0.7782570856891082,-2.5281113142989846,H
-0.7325459070064532,0.9471283818275646,-2.521076447572957,H
-0.7341138799828002,1.1735782260874101,-2.518539555067621,H
-0.7372247824247461,1.1490971648029538,-2.5134713342775257,H
-0.7411960911243035,0.3288209810370665,-2.506932866495885,H
-0.7420806329665912,0.8654724186265228,-2.5054659377103645,H
-0.7453583072617668,0.9196743586038623,-2.499996118012823,H
-0.7490889157836297,1.0983373296143417,-2.493704202246694,H
-0.7530449193864647,0.3547123683580418,-2.486953664626169,H
-0.7554239439359921,0.8961196532554625,-2.4828545142026,H
-0.7608132404153701,0.793405701040818,-2.4734563316962372,H
-0.7610905730977201,1.106147162140683,-2.472968429071064,H
-0.7735613153799112,0.6052242993185956,-2.450582192938795,H
-0.7765653138254535,0.3647699703963389,-2.445055133347861,H
-0.7781833590125921,1.1111529266313067,-2.442055722582655,H
-0.7823894272314339,0.8368105134901098,-2.4341842775127693,H
-0.7854370603454525,0.6062104824765495,-2.4284123030910143,H
-0.7883485706826917,0.8576585280724833,-2.4228432667472592,H
-0.7951914555814157,0.9763160535707913,-2.4095376491290486,H
-0.8047003678700948,0.7727883392073205,-2.3905217377396815,H
-0.8064645354595338,0.6412345318809227,-2.3869236970301255,H
-0.8215501172872125,0.8309898832546965,-2.3552044555350937,H
-0.8301568866788178,0.9237947822734569,-2.3362947882621286,H
-0.8313926735624781,0.8895665012801762,-2.333528044087257,H
-0.8336472705366618,0.6164138285251648,-2.328445842367044,H
-0.8354954562213005,0.968716218982809,-2.3242460317923963,H
-0.8363981340898615,1.169813318786436,-2.3221835944025795,H
-0.8371024879217028,0.7083223877429239,-2.3205691351796105,H
-0.8421106628124557,0.48793592754262166,-2.3089571503173234,H
-0.8425122067960225,0.29882952875561475,-2.3080158774116493,H
-0.8476112258238881,0.8682101317679107,-2.2959266437172356,H
-0.8497192522818311,0.5572008939365651,-2.29085313597318,H
-0.8523182423523745,0.5069927352773037,-2.2845352961754224,H
-0.8528062224611146,0.5188161911067861,-2.2833412287095,H
-0.85343293619099,0.4311143946983696,-2.2818040053011734,H
-0.854330303399999,0.8653218019668127,-2.279595663506441,H
-0.8544636242277827,1.124966697678106,-2.279266840344773,H
-0.8557777997100903,0.8954178351197588,-2.2760153377527743,H
-0.8574350897303754,0.8542458877778638,-2.271888204679209,H
-0.8630046914117465,0.9467079389958943,-2.257793857756159,H
-0.864318427831965,0.27799526929307167,-2.2544174735832154,H
-0.8654470194902135,0.6650700215687816,-2.2515006833163156,H
-0.8656252041968757,0.6291719909359703,-2.2510387893997312,H
-0.8656291351519549,0.8090133628734761,-2.2510285952253595,H
-0.8723483352463646,1.1828958168367962,-2.233327252653287,H
-0.8733750208819514,0.3449319088366293,-2.2305724906015585,H
-0.8756125284902584,1.1997828839209728,-2.2245212729033685,H
-0.8794884945038082,0.9996945712902536,-2.2138802232025383,H
-0.8863832642159298,0.7109424603943085,-2.1944282504804256,H
-0.8890901775255086,0.933945800397987,-2.186598118634354,H
-0.8917293540039586,1.214886630454349,-2.178853598515384,H
-0.8945929960359872,1.1747976199479389,-2.170322747448982,H
-0.902884952097658,0.9496521859099019,-2.14482340014156,H
-0.9041235356362195,0.6325813903101831,-2.1409067191834463,H
-0.9087344180475605,0.30520911374639376,-2.1260622607021316,H
-0.9327605248137216,0.7605894701080774,-2.04074490985655,H
-0.9388959288445518,0.8534332249227761,-2.0163017318371446,H
-0.9568143426319253,0.7995433008692099,-1.9360495452366993,H
-0.9686267801959708,0.7454452243587454,-1.8727799103307063,H
-0.9765726880221155,0.7305928782284039,-1.8227816851539669,H
-0.9777173206064581,0.8172370135101477,-1.8148886981439456,H
-0.9878996588303016,0.7451151420089768,-1.732641557307998,H
-0.9888478728692442,0.8351443395208946,-1.7233936877452785,H
-0.9900127998091482,0.7913819599082486,-1.7114662537655017,H
-0.9926206042227247,0.8476997753838134,-1.6818921553095518,H
-0.9933338295974069,0.8163809491705465,-1.672909750156077,H
-0.9992412745815271,0.8632112668138184,-1.5584206225449684,H
-0.9999977016981002,0.7113213249861956,-1.4967840480936527,H
-0.9999763021287448,0.7011022668748046,-1.489673376298464,H
-0.9996219806645492,0.600318413774508,-1.4587596618874423,H
-0.9995225579055804,0.7443881293235424,-1.4536537322404222,H
-0.9993616148444391,1.1502733467266597,-1.4464106704192992,H
-0.999316817573102,0.3281575626163195,-1.444562911692378,H
-0.9988380402111003,0.40207078106795663,-1.4277104349763494,H
-0.9985847762191686,0.4576495302292899,-1.4202253136486636,H
-0.9982899156512905,1.08857926258254,-1.4123141990108248,H
-0.9980196187240644,0.6690086594369336,-1.4056448653002154,H
-0.9978749899000731,0.8724334394837903,-1.4022636956047527,H
-0.9978454346977194,0.5754135605327376,-1.4015870993260082,H
-0.9978270291657346,0.9009765998225339,-1.4011680987780792,H
-0.9977756753680176,0.8601568321849291,-1.40000835685535,H
-0.9976813155318527,0.6130493434064009,-1.3979118839584075,H
-0.9976618737094552,1.0538107523022104,-1.3974852794486916,H
-0.9972024253067086,0.9024177302194968,-1.3878774034128656,H
-0.9971707608250328,0.26323744107203606,-1.3872455501979764,H
-0.9969701661089067,0.47958127400978134,-1.3833226767972766,H
-0.9966782858495855,1.1068916534982005,-1.377840728305843,H
-0.9965090273423164,0.7995829351420668,-1.374772381413448,H
-0.9960249234956733,0.49011381304506124,-1.366387532412817,H
-0.9957433796962339,1.0788678008637478,-1.3617465225391276,H
-0.994824944293287,0.9092619516763201,-1.347594314487021,H
-0.9939483096214407,1.1068453750436529,-1.3352268072424047,H
-0.9922477153779384,0.5650146606441937,-1.3135863189400012,H
-0.9919803150785711,1.1062625391885104,-1.3104113067258696,H
-0.9915916584088185,0.7506017185653018,-1.3058905935004426,H
-0.9911444246415269,0.6406575680405149,-1.3008175675930789,H
-0.9904599641836292,0.8486174259199338,-1.2932988061571271,H
-0.9898299521605975,0.5519111269531267,-1.2866165468858108,H
-0.9897653467940487,0.3306690063681284,-1.2859433342716773,H
-0.9897361018654851,0.37144746460715805,-1.2856393004903723,H
-0.9875366277339016,0.7317810658895436,-1.263915968373769,H
-0.9857968237464733,0.2953885566801426,-1.2480865224812883,H
-0.985592028764877,0.8063102154605195,-1.246289941312822,H
-0.9852910651021415,0.8039026182781773,-1.2436732294175121,H
-0.984913984350867,0.5842228423536305,-1.2404330573479634,H
-0.9842786955940979,1.0018018600512202,-1.235066496741054,H
-0.9841734733913364,0.6672786492413112,-1.234188427426734,H
-0.9830316858017849,0.562305869285556,-1.2248462509853324,H
-0.9825146354401093,0.37767344373804623,-1.220721948448369,H
-0.9819696063803484,0.9425206763241666,-1.216441703830141,H
-0.9815936790876578,0.7253184700798871,-1.2135280805312652,H
-0.9814668041690933,0.5128082490580291,-1.2125516521064343,H
-0.9812258029231017,0.8242943038425254,-1.2107063286635753,H
-0.9806732704414596,0.8402522751927629,-1.2065211124395543,H
-0.9804639035154421,0.7785484201943231,-1.2049513577690298,H
-0.9800896969574961,0.5654792509302624,-1.202167130230783,H
-0.9760103319231945,0.5123555805473519,-1.173413683763166,H
-0.9759610841712759,1.2125960221746916,-1.173082709370914,H
-0.9757047987728708,0.5927329462084576,-1.1713659668931387,H
-0.9755373000026974,0.648746817495198,-1.170249038389945,H
-0.9755145542445794,0.30869156548413257,-1.1700976697138246,H
-0.9750302865119275,1.1415566853761745,-1.1668921107733194,H
-0.9737868622147591,0.6783226501525771,-1.1588063882480342,H
-0.9737139650304281,0.6651586542540661,-1.158338607411336,H
-0.9725312273471249,0.6266414689126496,-1.15084133029801,H
-0.9721874857266541,1.0726875297253318,-1.1486940673115598,H
-0.9720515723158859,0.4028983993718962,-1.1478488723488427,H
-0.9710061247672096,0.6596107297618627,-1.1414180878163624,H
-0.9699452161775793,0.2782882735546817,-1.1350148980684078,H
-0.9683864835589601,0.7263197090214625,-1.1258180368648136,H
-0.967135323615786,0.7846467662552232,-1.1186067015758865,H
-0.9668504662348354,0.3872001490516913,-1.116985123176223,H
-0.9664009587233288,1.1626992350416718,-1.1144410930844424,H
-0.965779355955856,0.6806843120754589,-1.1109524063544962,H
-0.9627607670626666,0.26573028483393835,-1.0944678346159973,H
-0.9621786097242861,0.8432832165967876,-1.0913709179153548,H
-0.9614982540802224,0.27146542906423465,-1.0877834408329292,H
-0.9611122611659332,0.49702051065457614,-1.0857630530334832,H
-0.96022830045438,0.7689228661547999,-1.0811759023592256,H
-0.9584577257896684,0.7770156470641469,-1.0721480715052016,H
-0.9568476826255993,0.5896465870001406,-1.0641150925169054,H
-0.9566514472972779,1.1389387603777104,-1.0631470283218245,H
-0.9566473989359271,0.3391879968745079,-1.0631270816982,H
-0.9557398559494871,0.6975142762896414,-1.0586804021610632,H
-0.9544795171425177,0.8162979937555532,-1.052585298018025,H
-0.9514154881131046,0.9754885295204053,-1.038134997860163,H
-0.9510664993017173,0.6166701254922728,-1.0365205977732699,H
-0.9496761795878691,1.225460860907755,-1.0301499214349046,H
-0.949461504147155,0.860344920040065,-1.029174748637141,H
-0.9479973827617635,0.5053436876566603,-1.0225828185717396,H
-0.9479698335739011,1.2023056678244843,-1.022459752558794,H
-0.9459545298944132,0.5643889939956329,-1.013551069908115,H
-0.9457186191962133,0.9684038655876175,-1.0125200927857463,H
-0.945531108121533,0.5658026736864581,-1.0117023673592627,H
-0.943671051221829,0.610361941084306,-1.003672355249833,H
-0.9433141971680018,1.1907271558620596,-1.0021483833531335,H
-0.9433010472079543,0.36353054270514346,-1.002092325569441,H
-0.937543050860996,0.7528042965367556,-0.9781960976477122,H
-0.9374234086433726,0.905239644065068,-0.9777126805227404,H
-0.9372434299974897,0.6311048438529252,-0.9769864303053727,H
-0.9338685348775241,0.9028223844544832,-0.963575253159551,H
